fold,strategy,test_start,test_end,total_return,cagr,vol,sharpe,mdd,calmar,avg_turnover,mean_ppo_ratio,vix_high_threshold
1,PPO_Only,2013-01-01,2013-12-31,-0.0577664964684943,-0.0577664964684943,0.11510707026298432,-0.4626992801747324,-0.15100151126464556,-0.38255575050009016,0.17658450818439084,1.0,28.02399940490723
1,A2C_Only,2013-01-01,2013-12-31,-0.10313264947842105,-0.10313264947842105,0.14609624041511796,-0.6727711230816841,-0.18801779378767347,-0.5485260059741349,0.38814458730856155,0.0,28.02399940490723
1,Manual_PPO25_A2C75,2013-01-01,2013-12-31,-0.09104816984290243,-0.09104816984290243,0.13127002081140196,-0.6627265941538301,-0.1782435874772199,-0.5108075478706277,0.32927903972257305,0.25,28.02399940490723
1,Manual_PPO50_A2C50,2013-01-01,2013-12-31,-0.07943302781689954,-0.07943302781689954,0.12045694116690504,-0.6285487515948668,-0.16879338634404095,-0.4705932473858673,0.27210070610285475,0.5,28.02399940490723
1,Manual_PPO75_A2C25,2013-01-01,2013-12-31,-0.06829627153825724,-0.06829627153825724,0.11480175282207417,-0.5612282542749814,-0.1596773512646208,-0.42771420616237027,0.2149223724831338,0.75,28.02399940490723
1,Auto_RollingSharpe,2013-01-01,2013-12-31,-0.1038648214442438,-0.1038648214442438,0.11527606899543195,-0.8931707977948716,-0.1771401881578104,-0.5863425037784924,0.3693876926445232,0.44864371234602035,28.02399940490723
1,Auto_DD_Guard_v1,2013-01-01,2013-12-31,-0.09016783380997906,-0.09016783380997906,0.11998981682970651,-0.7284035595822935,-0.16456317864268333,-0.5479222907194861,0.33934871141290346,0.30199622787126046,28.02399940490723
1,Auto_DD_Guard_v2_Strong,2013-01-01,2013-12-31,-0.09016783380997906,-0.09016783380997906,0.11998981682970651,-0.7284035595822935,-0.16456317864268333,-0.5479222907194861,0.33934871141290346,0.30199622787126046,28.02399940490723
1,Regime_DD_Guard,2013-01-01,2013-12-31,-0.07189880269876003,-0.07189880269876003,0.1229802778661622,-0.5475503582924155,-0.161960480512906,-0.44392806486537123,0.25302858064930106,0.3958333333333333,28.02399940490723
1,Turnover_Aware_DD_Guard,2013-01-01,2013-12-31,-0.08915830402093028,-0.08915830402093028,0.1260445989780602,-0.6790279943751001,-0.17414978166386363,-0.5119633408040659,0.30169526310518774,0.373363791490308,28.02399940490723
1,Vol_Target_DD_Guard,2013-01-01,2013-12-31,-0.08377125947272213,-0.08377125947272213,0.1212294336842676,-0.6624477513141931,-0.15868964071945102,-0.5278936866510534,0.35575016317921176,0.28578955349577156,28.02399940490723
1,Regime_Tactical,2013-01-01,2013-12-31,-0.04202366210032071,-0.04202366210032071,0.11815864272021812,-0.30776800102184115,-0.13462693679078686,-0.3121489881748285,0.26476615097034867,0.5666666666666667,28.02399940490723
2,PPO_Only,2014-01-01,2014-12-31,0.12089688347771621,0.12089688347771621,0.08153278602484047,1.4436718893264051,-0.013803006228947368,8.758735703833405,0.08657570209851605,1.0,23.915999984741212
2,A2C_Only,2014-01-01,2014-12-31,0.09915472925235913,0.09915472925235913,0.07997740991337454,1.2232460969257162,-0.013750541540152539,7.21096903440642,0.14742183078382406,0.0,23.915999984741212
2,Manual_PPO25_A2C75,2014-01-01,2014-12-31,0.10457092373173937,0.10457092373173937,0.08024619734750214,1.281150986183671,-0.013763652921395475,7.5976141166117905,0.13107592086587871,0.25,23.915999984741212
2,Manual_PPO50_A2C50,2014-01-01,2014-12-31,0.11000181381568575,0.11000181381568575,0.08059526907312942,1.3372990458011929,-0.013776764302638633,7.984589951547428,0.11522315311344915,0.5,23.915999984741212
2,Manual_PPO75_A2C25,2014-01-01,2014-12-31,0.11545061446667915,0.11545061446667915,0.08102394321195476,1.3915941266738103,-0.01378987568388168,8.372128735114254,0.0993728114297366,0.75,23.915999984741212
2,Auto_RollingSharpe,2014-01-01,2014-12-31,0.11038446732542662,0.11038446732542662,0.08058131179022755,1.341833009646699,-0.013776772164468598,8.012360660947637,0.11467329442094452,0.5074643483853137,23.915999984741212
2,Auto_DD_Guard_v1,2014-01-01,2014-12-31,0.11038446732542662,0.11038446732542662,0.08058131179022755,1.341833009646699,-0.013776772164468598,8.012360660947637,0.11467329442094452,0.5074643483853137,23.915999984741212
2,Auto_DD_Guard_v2_Strong,2014-01-01,2014-12-31,0.11038446732542662,0.11038446732542662,0.08058131179022755,1.341833009646699,-0.013776772164468598,8.012360660947637,0.11467329442094452,0.5074643483853137,23.915999984741212
2,Regime_DD_Guard,2014-01-01,2014-12-31,0.11109013992936845,0.11109013992936845,0.0806746732348557,1.348310027958431,-0.01377938657888722,8.062052638800393,0.11205290323019125,0.5499999999999999,23.915999984741212
2,Turnover_Aware_DD_Guard,2014-01-01,2014-12-31,0.11000181381568575,0.11000181381568575,0.08059526907312942,1.3372990458011929,-0.013776764302638633,7.984589951547428,0.11522315311344915,0.5,23.915999984741212
2,Vol_Target_DD_Guard,2014-01-01,2014-12-31,0.11038446732542662,0.11038446732542662,0.08058131179022755,1.341833009646699,-0.013776772164468598,8.012360660947637,0.11467329442094452,0.5074643483853137,23.915999984741212
2,Regime_Tactical,2014-01-01,2014-12-31,0.11405884223792162,0.11405884223792162,0.08079726143896415,1.3797017679125505,-0.013787253407633093,8.272774777228273,0.10338067390542734,0.6791666666666667,23.915999984741212
3,PPO_Only,2015-01-01,2015-12-31,0.013441950937183922,0.013441950937183922,0.1345292351631861,0.15980173563257707,-0.08001695937843611,0.1679887743998232,0.07960047925798566,1.0,18.79800033569336
3,A2C_Only,2015-01-01,2015-12-31,0.01289235742967798,0.01289235742967798,0.13667160642838527,0.1553591816530085,-0.08403837117493762,0.15341036778117387,0.07933496386366089,0.0,18.79800033569336
3,Manual_PPO25_A2C75,2015-01-01,2015-12-31,0.013033428547208459,0.013033428547208459,0.13612321841802852,0.1564820747727713,-0.08303297951276456,0.15696688982725046,0.07915957143097134,0.25,18.79800033569336
3,Manual_PPO50_A2C50,2015-01-01,2015-12-31,0.013172158179634685,0.013172158179634685,0.13558296054548688,0.15759796817653476,-0.08202761365929001,0.16058199906127438,0.07913405476476416,0.5,18.79800033569336
3,Manual_PPO75_A2C25,2015-01-01,2015-12-31,0.013309398344768963,0.013309398344768963,0.1350514426867561,0.1587125182336481,-0.08102227361451386,0.16426838881481098,0.07910853809855677,0.75,18.79800033569336
3,Auto_RollingSharpe,2015-01-01,2015-12-31,0.013138005384306206,0.013138005384306206,0.13558931080969955,0.15734785525157297,-0.08204166302488858,0.1601382139257781,0.07907392974164786,0.5015370959461641,18.79800033569336
3,Auto_DD_Guard_v1,2015-01-01,2015-12-31,0.013138005384306206,0.013138005384306206,0.13558931080969955,0.15734785525157297,-0.08204166302488858,0.1601382139257781,0.07907392974164786,0.5015370959461641,18.79800033569336
3,Auto_DD_Guard_v2_Strong,2015-01-01,2015-12-31,0.013138005384306206,0.013138005384306206,0.13558931080969955,0.15734785525157297,-0.08204166302488858,0.1601382139257781,0.07907392974164786,0.5015370959461641,18.79800033569336
3,Regime_DD_Guard,2015-01-01,2015-12-31,0.0133483093424287,0.0133483093424287,0.1355506709983053,0.15888087853970662,-0.08181874746983708,0.16314487516873347,0.07914127366392708,0.4665791378669444,18.79800033569336
3,Turnover_Aware_DD_Guard,2015-01-01,2015-12-31,0.013172158179634685,0.013172158179634685,0.13558296054548688,0.15759796817653476,-0.08202761365929001,0.16058199906127438,0.07913405476476416,0.5,18.79800033569336
3,Vol_Target_DD_Guard,2015-01-01,2015-12-31,0.013535852358228517,0.013535852358228517,0.1355776635862942,0.16025057146646357,-0.08203994916125268,0.16499098910487228,0.08012421038292106,0.4691131071160008,18.79800033569336
3,Regime_Tactical,2015-01-01,2015-12-31,0.013666323203678443,0.013666323203678443,0.13530546907042248,0.16124885512977782,-0.0812095622421185,0.16828465548100868,0.07931803050099266,0.5208333333333334,18.79800033569336
4,PPO_Only,2016-01-01,2016-12-31,0.1791406156440729,0.1791406156440729,0.0901771299972412,1.88038975416524,-0.04139495459715592,4.327595413195137,0.43896051658824614,1.0,18.422000122070312
4,A2C_Only,2016-01-01,2016-12-31,0.11614822852425233,0.11614822852425233,0.08821253455554305,1.2912153108284525,-0.04266672718395348,2.722220244910992,0.19220587311881002,0.0,18.422000122070312
4,Manual_PPO25_A2C75,2016-01-01,2016-12-31,0.13255208099660587,0.13255208099660587,0.0801538030553991,1.5972318621006891,-0.03841411607599898,3.450608644342177,0.2195371404162992,0.25,18.422000122070312
4,Manual_PPO50_A2C50,2016-01-01,2016-12-31,0.14854028391265062,0.14854028391265062,0.0776662864332247,1.8285435425302523,-0.0374281813731121,3.968674898518044,0.2686779160854822,0.5,18.422000122070312
4,Manual_PPO75_A2C25,2016-01-01,2016-12-31,0.16405844057554697,0.16405844057554697,0.08126427946521378,1.9178056361830407,-0.03939256026555882,4.164706215325242,0.3443314739101499,0.75,18.422000122070312
4,Auto_RollingSharpe,2016-01-01,2016-12-31,0.11666142010849301,0.11666142010849301,0.08140410661639706,1.398443798919505,-0.04110215870244083,2.8383282968922297,0.3744258488850498,0.636898467919441,18.422000122070312
4,Auto_DD_Guard_v1,2016-01-01,2016-12-31,0.11666142010849301,0.11666142010849301,0.08140410661639706,1.398443798919505,-0.04110215870244083,2.8383282968922297,0.3744258488850498,0.636898467919441,18.422000122070312
4,Auto_DD_Guard_v2_Strong,2016-01-01,2016-12-31,0.11666142010849301,0.11666142010849301,0.08140410661639706,1.398443798919505,-0.04110215870244083,2.8383282968922297,0.3744258488850498,0.636898467919441,18.422000122070312
4,Regime_DD_Guard,2016-01-01,2016-12-31,0.12196874049434059,0.12196874049434059,0.0791165291098232,1.4972320633287388,-0.04269050370198657,2.8570461793043886,0.30729625391478443,0.6280731810418789,18.422000122070312
4,Turnover_Aware_DD_Guard,2016-01-01,2016-12-31,0.14289366766628442,0.14289366766628442,0.07703906789768107,1.7781255502038023,-0.03917520230769467,3.6475540456422277,0.2867377875402893,0.5933187739979128,18.422000122070312
4,Vol_Target_DD_Guard,2016-01-01,2016-12-31,0.11666142010849301,0.11666142010849301,0.08140410661639706,1.398443798919505,-0.04110215870244083,2.8383282968922297,0.3744258488850498,0.636898467919441,18.422000122070312
4,Regime_Tactical,2016-01-01,2016-12-31,0.13681460979354831,0.13681460979354831,0.07753290698427719,1.6976559095727457,-0.04175971141549417,3.2762345609214574,0.2863407455344856,0.5666666666666668,18.422000122070312
5,PPO_Only,2017-01-01,2017-12-31,0.03700143943358336,0.03700143943358336,0.05487552056242442,0.6881171830812443,-0.02529990160190998,1.4625131755765401,0.2817015914160779,1.0,17.63600006103516
5,A2C_Only,2017-01-01,2017-12-31,0.21340566137111505,0.21340566137111505,0.03856072351809397,5.07424612642349,0.0,,0.08664505210799829,0.0,17.63600006103516
5,Manual_PPO25_A2C75,2017-01-01,2017-12-31,0.16746820703278997,0.16746820703278997,0.031485166929194196,4.963839644474388,-0.0011522764144760167,145.33683491989555,0.11920829339935853,0.25,17.63600006103516
5,Manual_PPO50_A2C50,2017-01-01,2017-12-31,0.12277854810046529,0.12277854810046529,0.032849412293662006,3.557330310375796,-0.0029800220964678603,41.200549568404675,0.16041696074520592,0.5,17.63600006103516
5,Manual_PPO75_A2C25,2017-01-01,2017-12-31,0.07930883705141056,0.07930883705141056,0.04185853438288335,1.8481650183253138,-0.012591364571883146,6.298668948757891,0.21223092209462646,0.75,17.63600006103516
5,Auto_RollingSharpe,2017-01-01,2017-12-31,0.1785287880838693,0.1785287880838693,0.03460215559947806,4.795572710077608,-0.0029800220964678603,59.90854507269414,0.13896886455119786,0.15982708185894737,17.63600006103516
5,Auto_DD_Guard_v1,2017-01-01,2017-12-31,0.1785287880838693,0.1785287880838693,0.03460215559947806,4.795572710077608,-0.0029800220964678603,59.90854507269414,0.13896886455119786,0.15982708185894737,17.63600006103516
5,Auto_DD_Guard_v2_Strong,2017-01-01,2017-12-31,0.1785287880838693,0.1785287880838693,0.03460215559947806,4.795572710077608,-0.0029800220964678603,59.90854507269414,0.13896886455119786,0.15982708185894737,17.63600006103516
5,Regime_DD_Guard,2017-01-01,2017-12-31,0.11398573028602277,0.11398573028602277,0.03415849308527698,3.1898591773119596,-0.0038619584395005457,29.5150069768136,0.17019342869734763,0.5499999999999999,17.63600006103516
5,Turnover_Aware_DD_Guard,2017-01-01,2017-12-31,0.16394598572204377,0.16394598572204377,0.032376081959144945,4.733558753514133,-0.0029800220964678603,55.0150235182365,0.15076215966248394,0.27492240528234096,17.63600006103516
5,Vol_Target_DD_Guard,2017-01-01,2017-12-31,0.1785287880838693,0.1785287880838693,0.03460215559947806,4.795572710077608,-0.0029800220964678603,59.90854507269414,0.13896886455119786,0.15982708185894737,17.63600006103516
5,Regime_Tactical,2017-01-01,2017-12-31,0.08790136365732826,0.08790136365732826,0.039631253784909254,2.151366706017234,-0.010409013038787496,8.444735666078822,0.20171256408499338,0.7000000000000001,17.63600006103516
6,PPO_Only,2018-01-01,2018-12-31,-0.07994807433865625,-0.07994807433865625,0.11788486135073172,-0.6485225305821118,-0.12604190984714414,-0.6342975478205015,0.2249729217753312,1.0,17.01599998474121
6,A2C_Only,2018-01-01,2018-12-31,-0.10985464695434966,-0.10985464695434966,0.1462125405828209,-0.7231384797421146,-0.18234911025607048,-0.6024413653572656,0.240476424549389,0.0,17.01599998474121
6,Manual_PPO25_A2C75,2018-01-01,2018-12-31,-0.1004844815173338,-0.1004844815173338,0.12265485493512247,-0.8022754394106152,-0.16280155810002106,-0.6172206377508914,0.23515023871478494,0.25,17.01599998474121
6,Manual_PPO50_A2C50,2018-01-01,2018-12-31,-0.09238718988413364,-0.09238718988413364,0.10810159574584509,-0.84258757433833,-0.1466145182671995,-0.6301367079879594,0.2316605587327385,0.5,17.01599998474121
6,Manual_PPO75_A2C25,2018-01-01,2018-12-31,-0.0855449296249059,-0.0855449296249059,0.10631772340907548,-0.787897957808303,-0.13104970194149435,-0.6527670674374861,0.22823234835296277,0.75,17.01599998474121
6,Auto_RollingSharpe,2018-01-01,2018-12-31,-0.12101815841593055,-0.12101815841593055,0.12004836465213076,-1.0125578725355244,-0.17309533073216254,-0.6991416689522774,0.3398439566256755,0.39738145325042756,17.01599998474121
6,Auto_DD_Guard_v1,2018-01-01,2018-12-31,-0.10335864716622667,-0.10335864716622667,0.11095460079154579,-0.9271910865700128,-0.156482095260709,-0.660514207673566,0.3251778567988704,0.36363790747039965,17.01599998474121
6,Auto_DD_Guard_v2_Strong,2018-01-01,2018-12-31,-0.10335864716622667,-0.10335864716622667,0.11095460079154579,-0.9271910865700128,-0.156482095260709,-0.660514207673566,0.3251778567988704,0.36363790747039965,17.01599998474121
6,Regime_DD_Guard,2018-01-01,2018-12-31,-0.10833248272067486,-0.10833248272067486,0.11844072464762592,-0.9080673524254149,-0.16176430399364095,-0.6696933751523666,0.3174270183701498,0.39861041819162746,17.01599998474121
6,Turnover_Aware_DD_Guard,2018-01-01,2018-12-31,-0.1086303911629094,-0.1086303911629094,0.1127813695392664,-0.9620992058946239,-0.1551242280560835,-0.7002799789832652,0.2591554347483042,0.40773030909466507,17.01599998474121
6,Vol_Target_DD_Guard,2018-01-01,2018-12-31,-0.10329884348668406,-0.10329884348668406,0.11092788268850012,-0.926844139687122,-0.15642583477896332,-0.6603694564433678,0.32529232657480556,0.3635218480268756,17.01599998474121
6,Regime_Tactical,2018-01-01,2018-12-31,-0.10910676447632517,-0.10910676447632517,0.12380062899109891,-0.8705229361224043,-0.16757480383759382,-0.6510928968895985,0.3278698838665524,0.47916666666666674,17.01599998474121
7,PPO_Only,2019-01-01,2019-12-31,0.1615723573829957,0.1615723573829957,0.1257398156326908,1.2555530512394348,-0.05747820084083588,2.8110197434747337,0.3412540005555235,1.0,18.22199935913086
7,A2C_Only,2019-01-01,2019-12-31,0.3193131295704641,0.3193131295704641,0.10250554714309017,2.7803185896341325,-0.023095787377128696,13.825600502655892,0.17872667569168407,0.0,18.22199935913086
7,Manual_PPO25_A2C75,2019-01-01,2019-12-31,0.279159073198995,0.279159073198995,0.10150804089168491,2.495666516184263,-0.027612050931681842,10.110044845625364,0.20045665204718088,0.25,18.22199935913086
7,Manual_PPO50_A2C50,2019-01-01,2019-12-31,0.23948906355531752,0.23948906355531752,0.10546009704942988,2.101265462438357,-0.03212833514439384,7.454138612504689,0.23263721133226986,0.5,18.22199935913086
7,Manual_PPO75_A2C25,2019-01-01,2019-12-31,0.2002602498822954,0.2002602498822954,0.11382633177966629,1.667069913189841,-0.036644619357105945,5.464929187304054,0.28359256291040097,0.75,18.22199935913086
7,Auto_RollingSharpe,2019-01-01,2019-12-31,0.26700108318099813,0.26700108318099813,0.10176317591373685,2.393911039901272,-0.02797216869060315,9.545240704582671,0.24145288005322027,0.25992637909869626,18.22199935913086
7,Auto_DD_Guard_v1,2019-01-01,2019-12-31,0.26700108318099813,0.26700108318099813,0.10176317591373685,2.393911039901272,-0.02797216869060315,9.545240704582671,0.24145288005322027,0.25992637909869626,18.22199935913086
7,Auto_DD_Guard_v2_Strong,2019-01-01,2019-12-31,0.26700108318099813,0.26700108318099813,0.10176317591373685,2.393911039901272,-0.02797216869060315,9.545240704582671,0.24145288005322027,0.25992637909869626,18.22199935913086
7,Regime_DD_Guard,2019-01-01,2019-12-31,0.23404442019891825,0.23404442019891825,0.11287519004396251,1.9299144519276283,-0.03303159198693617,7.085472001818188,0.3298453735947038,0.4222282608371271,18.22199935913086
7,Turnover_Aware_DD_Guard,2019-01-01,2019-12-31,0.25756575836616746,0.25756575836616746,0.1018685697311265,2.316767982524963,-0.0298302462942458,8.634382560088062,0.2397714184686206,0.35063755998811547,18.22199935913086
7,Vol_Target_DD_Guard,2019-01-01,2019-12-31,0.27084067873676454,0.27084067873676454,0.101560695624148,2.4289025206731742,-0.02797216869060315,9.682505555164537,0.24112219847108793,0.25186011872122654,18.22199935913086
7,Regime_Tactical,2019-01-01,2019-12-31,0.26196240049507136,0.26196240049507136,0.11278774422290447,2.1333744346761896,-0.03574136251456339,7.329390433516086,0.27806237507780734,0.4833333333333334,18.22199935913086
8,PPO_Only,2020-01-01,2020-12-31,-0.03331204734704474,-0.03331204734704474,0.14478981148637118,-0.1668562984248366,-0.11247724361633915,-0.2961669958829398,0.2552879297375255,1.0,17.665999603271487
8,A2C_Only,2020-01-01,2020-12-31,-0.1433433510771569,-0.1433433510771569,0.18655637186152066,-0.7337264427380714,-0.20187040124608624,-0.7100761190959191,0.2677247595569395,0.0,17.665999603271487
8,Manual_PPO25_A2C75,2020-01-01,2020-12-31,-0.11551496759293667,-0.11551496759293667,0.16832924927557477,-0.6443782309244638,-0.17993843626828587,-0.6419693868001907,0.22576977786059316,0.25,17.665999603271487
8,Manual_PPO50_A2C50,2020-01-01,2020-12-31,-0.08779539091278343,-0.08779539091278343,0.1545067610962356,-0.5187228985284155,-0.1577288568745019,-0.556622248157409,0.19916964189043726,0.5,17.665999603271487
8,Manual_PPO75_A2C25,2020-01-01,2020-12-31,-0.0603670094457166,-0.0603670094457166,0.14635158824117653,-0.35558251253085066,-0.13524166303284957,-0.4463639982824948,0.20846585692690522,0.75,17.665999603271487
8,Auto_RollingSharpe,2020-01-01,2020-12-31,-0.10883562048909001,-0.10883562048909001,0.15315841696580956,-0.6758202255310983,-0.1577288568745019,-0.6900171766012726,0.24726174830121417,0.6438554438888737,17.665999603271487
8,Auto_DD_Guard_v1,2020-01-01,2020-12-31,-0.09295082848262681,-0.09295082848262681,0.15398213731959468,-0.5575379013491816,-0.1577288568745019,-0.5893076912145747,0.21267955347419584,0.3093133084629352,17.665999603271487
8,Auto_DD_Guard_v2_Strong,2020-01-01,2020-12-31,-0.09239483554610328,-0.09239483554610328,0.15721149702714304,-0.5394829932568318,-0.1577288568745019,-0.5857826993548676,0.22013507529729692,0.23750000000000004,17.665999603271487
8,Regime_DD_Guard,2020-01-01,2020-12-31,-0.10872468884209707,-0.10872468884209707,0.16816205510638782,-0.6004233156643858,-0.17179019641638438,-0.6328922785475524,0.2554081784918956,0.1791666666666667,17.665999603271487
8,Turnover_Aware_DD_Guard,2020-01-01,2020-12-31,-0.08552690320172529,-0.08552690320172529,0.15620206377470644,-0.495840623443125,-0.1577288568745019,-0.5422400497695573,0.20868008848632522,0.31582031250000003,17.665999603271487
8,Vol_Target_DD_Guard,2020-01-01,2020-12-31,-0.0932781865678396,-0.0932781865678396,0.15735197474094675,-0.5450483309920011,-0.1577288568745019,-0.5913831394977842,0.21927722181556777,0.20765050397191853,17.665999603271487
8,Regime_Tactical,2020-01-01,2020-12-31,-0.11673482539911517,-0.11673482539911517,0.17331630736748865,-0.6288974276604239,-0.1790753491334407,-0.6518754589283445,0.27467134221230133,0.1791666666666667,17.665999603271487
9,PPO_Only,2021-01-01,2021-12-31,0.10966577766651375,0.10966577766651375,0.09186865210060194,1.1799033359747146,-0.04492263543424313,2.4412142477045977,0.1520770079983484,1.0,23.16799926757813
9,A2C_Only,2021-01-01,2021-12-31,0.1563633294511122,0.1563633294511122,0.06504089577482797,2.2765537912540794,-0.020177857272487443,7.749253418712302,0.1692698536271464,0.0,23.16799926757813
9,Manual_PPO25_A2C75,2021-01-01,2021-12-31,0.14483824521929134,0.14483824521929134,0.06983459556392473,1.9794778020958668,-0.023277262189041914,6.22230587270164,0.1507757630405085,0.25,23.16799926757813
9,Manual_PPO50_A2C50,2021-01-01,2021-12-31,0.1332330124650667,0.1332330124650667,0.07612107455683953,1.6863328676674927,-0.0263834431522606,5.049872061662693,0.13853092711609613,0.5,23.16799926757813
9,Manual_PPO75_A2C25,2021-01-01,2021-12-31,0.1215037107712389,0.1215037107712389,0.08355757004483251,1.4171691123045604,-0.03520864622532949,3.4509623003859713,0.13956941787589902,0.75,23.16799926757813
9,Auto_RollingSharpe,2021-01-01,2021-12-31,0.13060302266524815,0.13060302266524815,0.07254735045296871,1.7336605992944754,-0.025494657016417843,5.122760529045104,0.16056127810510068,0.22184040620105785,23.16799926757813
9,Auto_DD_Guard_v1,2021-01-01,2021-12-31,0.13060302266524815,0.13060302266524815,0.07254735045296871,1.7336605992944754,-0.025494657016417843,5.122760529045104,0.16056127810510068,0.22184040620105785,23.16799926757813
9,Auto_DD_Guard_v2_Strong,2021-01-01,2021-12-31,0.13060302266524815,0.13060302266524815,0.07254735045296871,1.7336605992944754,-0.025494657016417843,5.122760529045104,0.16056127810510068,0.22184040620105785,23.16799926757813
9,Regime_DD_Guard,2021-01-01,2021-12-31,0.12968747977122863,0.12968747977122863,0.07661431363801476,1.6346001483976291,-0.02700549247050399,4.8022630919571725,0.16291038798208368,0.48515954282192647,23.16799926757813
9,Turnover_Aware_DD_Guard,2021-01-01,2021-12-31,0.13048088846818384,0.13048088846818384,0.07289068290563626,1.7243085568147731,-0.025494657016417843,5.117969948925291,0.1603597148480266,0.29448117791518985,23.16799926757813
9,Vol_Target_DD_Guard,2021-01-01,2021-12-31,0.13060302266524815,0.13060302266524815,0.07254735045296871,1.7336605992944754,-0.025494657016417843,5.122760529045104,0.16056127810510068,0.22184040620105785,23.16799926757813
9,Regime_Tactical,2021-01-01,2021-12-31,0.13556457118189114,0.13556457118189114,0.0747625583022469,1.7434720181730925,-0.025761664875883605,5.262259711669406,0.13983888595546748,0.45,23.16799926757813
10,PPO_Only,2022-01-01,2022-12-31,-0.11878595573872863,-0.11878595573872863,0.1520053023680499,-0.7577623326816939,-0.20341809966520563,-0.5839497858559869,0.22430632388321636,1.0,26.394000244140624
10,A2C_Only,2022-01-01,2022-12-31,0.013987157982613407,0.013987157982613407,0.10355482839906133,0.1805245414414747,-0.10949296139184928,0.12774481395709716,0.18282009225067486,0.0,26.394000244140624
10,Manual_PPO25_A2C75,2022-01-01,2022-12-31,-0.020126495876547912,-0.020126495876547912,0.11267258367778588,-0.12957720314443985,-0.13348138032362766,-0.15078129869312792,0.1639364314848897,0.25,26.394000244140624
10,Manual_PPO50_A2C50,2022-01-01,2022-12-31,-0.05369134869655967,-0.05369134869655967,0.12414355981416275,-0.3872460831454257,-0.15713862975663806,-0.34168141073720654,0.17510627581814764,0.5,26.394000244140624
10,Manual_PPO75_A2C25,2022-01-01,2022-12-31,-0.08659967222360476,-0.08659967222360476,0.13740702215786915,-0.5940390866005877,-0.18045055788797182,-0.47990803263333764,0.19906343102995736,0.75,26.394000244140624
10,Auto_RollingSharpe,2022-01-01,2022-12-31,-0.043919238174288666,-0.043919238174288666,0.12298392744120035,-0.30877070242956955,-0.1534862641737913,-0.2861444208750775,0.16845351879557854,0.4100802721792698,26.394000244140624
10,Auto_DD_Guard_v1,2022-01-01,2022-12-31,-0.03585117503202484,-0.03585117503202484,0.12172084740619575,-0.24440551286947862,-0.14718578458533205,-0.24357770101935255,0.1800867514722498,0.3775602013833643,26.394000244140624
10,Auto_DD_Guard_v2_Strong,2022-01-01,2022-12-31,-0.03585117503202484,-0.03585117503202484,0.12172084740619575,-0.24440551286947862,-0.14718578458533205,-0.24357770101935255,0.1800867514722498,0.3775602013833643,26.394000244140624
10,Regime_DD_Guard,2022-01-01,2022-12-31,-0.010691911474363658,-0.010691911474363658,0.11304329484369599,-0.04424975861494275,-0.12656723709048412,-0.08447613869235297,0.194128127172573,0.289465871805744,26.394000244140624
10,Turnover_Aware_DD_Guard,2022-01-01,2022-12-31,-0.03956682089308894,-0.03956682089308894,0.12090381889761939,-0.2786984184724173,-0.1493174912659233,-0.2649845008621487,0.1721801368530718,0.4208439541291182,26.394000244140624
10,Vol_Target_DD_Guard,2022-01-01,2022-12-31,-0.03414375374717171,-0.03414375374717171,0.12182940543029466,-0.2296005082929164,-0.14718578458533205,-0.2319772513586502,0.17741299300761756,0.3728482427086355,26.394000244140624
10,Regime_Tactical,2022-01-01,2022-12-31,-0.019546083148534232,-0.019546083148534232,0.11224149306948984,-0.12540509061162994,-0.13036523071889816,-0.14993325322056728,0.20464280974232144,0.29583333333333334,26.394000244140624
11,PPO_Only,2023-01-01,2023-12-31,0.09594493438463414,0.09594493438463414,0.1216431205807702,0.8104698257771769,-0.05372360433485002,1.7858990581984375,0.36420466978013594,1.0,28.405999755859376
11,A2C_Only,2023-01-01,2023-12-31,0.02046048706938275,0.02046048706938275,0.10958990298184453,0.23459408939640083,-0.07566647309477392,0.2704036045628232,0.3151890641964944,0.0,28.405999755859376
11,Manual_PPO25_A2C75,2023-01-01,2023-12-31,0.04067810331662147,0.04067810331662147,0.09646209243646418,0.4581770647246707,-0.06727501924755275,0.604653908264786,0.28280232912011893,0.25,28.405999755859376
11,Manual_PPO50_A2C50,2023-01-01,2023-12-31,0.06002875938776242,0.06002875938776242,0.09414191815771436,0.6638877047300404,-0.059017455712181865,1.0171356705126786,0.2811875768642755,0.5,28.405999755859376
11,Manual_PPO75_A2C25,2023-01-01,2023-12-31,0.07849901190488984,0.07849901190488984,0.10341686026631816,0.779946886751279,-0.050893541378308704,1.5424159879419757,0.30339790174035686,0.75,28.405999755859376
11,Auto_RollingSharpe,2023-01-01,2023-12-31,0.040760868831841046,0.040760868831841046,0.08708672505097172,0.49958380437215744,-0.0611701115650326,0.6663526972401611,0.2946658242574356,0.5279908996937445,28.405999755859376
11,Auto_DD_Guard_v1,2023-01-01,2023-12-31,0.040760868831841046,0.040760868831841046,0.08708672505097172,0.49958380437215744,-0.0611701115650326,0.6663526972401611,0.2946658242574356,0.5279908996937445,28.405999755859376
11,Auto_DD_Guard_v2_Strong,2023-01-01,2023-12-31,0.040760868831841046,0.040760868831841046,0.08708672505097172,0.49958380437215744,-0.0611701115650326,0.6663526972401611,0.2946658242574356,0.5279908996937445,28.405999755859376
11,Regime_DD_Guard,2023-01-01,2023-12-31,0.05028151056429708,0.05028151056429708,0.09268781990696093,0.5728252215178741,-0.06538517919938736,0.7690047068765732,0.2953485087906775,0.4374934814590821,28.405999755859376
11,Turnover_Aware_DD_Guard,2023-01-01,2023-12-31,0.05546659260307152,0.05546659260307152,0.0926733688412371,0.6263101249039071,-0.05907413196941336,0.938931995340876,0.28420821444190597,0.5076170915022833,28.405999755859376
11,Vol_Target_DD_Guard,2023-01-01,2023-12-31,0.040760868831841046,0.040760868831841046,0.08708672505097172,0.49958380437215744,-0.0611701115650326,0.6663526972401611,0.2946658242574356,0.5279908996937445,28.405999755859376
11,Regime_Tactical,2023-01-01,2023-12-31,0.04419492015822035,0.04419492015822035,0.09554656147697715,0.49703296082695186,-0.06831130755093451,0.6469634639223907,0.30925763409491797,0.375,28.405999755859376
12,PPO_Only,2024-01-01,2024-12-31,0.05471634853718821,0.05471634853718821,0.06668039499233416,0.8310662986951002,-0.048253921384976084,1.1339254296175028,0.19373432170833874,1.0,28.405999755859376
12,A2C_Only,2024-01-01,2024-12-31,0.1319916329562858,0.1319916329562858,0.06850864252647497,1.8499177538583735,-0.022553593367600877,5.852354913248412,0.12385988321600759,0.0,28.405999755859376
12,Manual_PPO25_A2C75,2024-01-01,2024-12-31,0.11298421284078497,0.11298421284078497,0.058934512052500825,1.8510154997222716,-0.015374625880947734,7.348745505462687,0.1107899433414034,0.25,28.405999755859376
12,Manual_PPO50_A2C50,2024-01-01,2024-12-31,0.09374140135017361,0.09374140135017361,0.05500143271958817,1.6600885296446424,-0.02569114868974265,3.6487820175825947,0.12018592565895769,0.5,28.405999755859376
12,Manual_PPO75_A2C25,2024-01-01,2024-12-31,0.07426158528308768,0.07426158528308768,0.05786928728413216,1.2678370426151582,-0.0359533638492463,2.065497559406933,0.15574537320895065,0.75,28.405999755859376
12,Auto_RollingSharpe,2024-01-01,2024-12-31,0.11432109078896935,0.11432109078896935,0.06772857956568075,1.6358946697602696,-0.01844020197822216,6.199557408535021,0.1473372382789566,0.19617554780713306,28.405999755859376
12,Auto_DD_Guard_v1,2024-01-01,2024-12-31,0.11432109078896935,0.11432109078896935,0.06772857956568075,1.6358946697602696,-0.01844020197822216,6.199557408535021,0.1473372382789566,0.19617554780713306,28.405999755859376
12,Auto_DD_Guard_v2_Strong,2024-01-01,2024-12-31,0.11432109078896935,0.11432109078896935,0.06772857956568075,1.6358946697602696,-0.01844020197822216,6.199557408535021,0.1473372382789566,0.19617554780713306,28.405999755859376
12,Regime_DD_Guard,2024-01-01,2024-12-31,0.11323477201140841,0.11323477201140841,0.050229847576873245,2.167809790909721,-0.007976853594441224,14.195418114520436,0.181842814723115,0.3551371094658624,28.405999755859376
12,Turnover_Aware_DD_Guard,2024-01-01,2024-12-31,0.10924984527949033,0.10924984527949033,0.06492558181840909,1.6330900171449583,-0.017011443685076455,6.422138373554468,0.11139804586272439,0.30127740237241635,28.405999755859376
12,Vol_Target_DD_Guard,2024-01-01,2024-12-31,0.11432109078896935,0.11432109078896935,0.06772857956568075,1.6358946697602696,-0.01844020197822216,6.199557408535021,0.1473372382789566,0.19617554780713306,28.405999755859376
12,Regime_Tactical,2024-01-01,2024-12-31,0.10711737743000471,0.10711737743000471,0.05348354768007724,1.9348751702278009,-0.023632188739926785,4.532689655149419,0.1531077995910268,0.5125000000000001,28.405999755859376
13,PPO_Only,2025-01-01,2025-12-31,0.2806065658804975,0.2806065658804975,0.1346935883057242,1.9148326770616282,-0.05567815664239284,5.039796264857774,0.23016765305858403,1.0,25.45400047302246
13,A2C_Only,2025-01-01,2025-12-31,0.1767234956667425,0.1767234956667425,0.10968744958931319,1.5439294913225772,-0.07577168951029456,2.3323156288171765,0.06669227138498608,0.0,25.45400047302246
13,Manual_PPO25_A2C75,2025-01-01,2025-12-31,0.20322047114971675,0.20322047114971675,0.10506111654060767,1.8226656450757175,-0.07076926314870657,2.8715923002150254,0.1075432936112643,0.25,25.45400047302246
13,Manual_PPO50_A2C50,2025-01-01,2025-12-31,0.22938859321674143,0.22938859321674143,0.10828286447790746,1.9729137227701188,-0.0657528927469988,3.488646409814594,0.148418055247679,0.5,25.45400047302246
13,Manual_PPO75_A2C25,2025-01-01,2025-12-31,0.25519499894451814,0.25519499894451814,0.11871543105365391,1.9860452297062978,-0.06072252959594404,4.202641106070849,0.1892928168840895,0.75,25.45400047302246
13,Auto_RollingSharpe,2025-01-01,2025-12-31,0.21361815614720148,0.21361815614720148,0.10117752991655414,1.9752682164107593,-0.06514917327402936,3.2789081643244247,0.1746211636914233,0.4929270349259743,25.45400047302246
13,Auto_DD_Guard_v1,2025-01-01,2025-12-31,0.21361815614720148,0.21361815614720148,0.10117752991655414,1.9752682164107593,-0.06514917327402936,3.2789081643244247,0.1746211636914233,0.4929270349259743,25.45400047302246
13,Auto_DD_Guard_v2_Strong,2025-01-01,2025-12-31,0.21361815614720148,0.21361815614720148,0.10117752991655414,1.9752682164107593,-0.06514917327402936,3.2789081643244247,0.1746211636914233,0.4929270349259743,25.45400047302246
13,Regime_DD_Guard,2025-01-01,2025-12-31,0.23561626993078688,0.23561626993078688,0.11072141250159209,1.9779838220177055,-0.0655823349562844,3.5926788835414745,0.15784202113476029,0.5396699544199728,25.45400047302246
13,Turnover_Aware_DD_Guard,2025-01-01,2025-12-31,0.21474814892905947,0.21474814892905947,0.105228226050192,1.9116798750281165,-0.06560189678219641,3.2735051799194257,0.15991804992165895,0.5024398664301458,25.45400047302246
13,Vol_Target_DD_Guard,2025-01-01,2025-12-31,0.2128102483349339,0.2128102483349339,0.10102966699006428,1.9713256363231217,-0.06514917327402936,3.2665072730825764,0.17411782215634317,0.4844841636005006,25.45400047302246
13,Regime_Tactical,2025-01-01,2025-12-31,0.26752081615812195,0.26752081615812195,0.12076432516715044,2.036983435848068,-0.06590527313918182,4.0591716476640505,0.18245570477198478,0.6166666666666667,25.45400047302246
